,time_stamp,fault,joint,pose,offset,time,time_label,drop_rate,mean,sd,fault_effect
0,1970-01-01 00:01:36.343,3,2,7,7,1,3,3,-2,4,1
1,1970-01-01 00:04:07.329,1,3,7,6,4,2,3,-1,1,1
2,1970-01-01 00:04:07.392,1,3,7,6,4,2,3,-1,1,1
3,1970-01-01 00:09:17.288,3,4,3,10,5,3,1,-5,3,1
4,1970-01-01 00:09:37.819,3,4,3,10,5,3,1,-5,3,1
5,1970-01-01 00:04:18.747,3,5,8,2,3,3,2,3,3,1
6,1970-01-01 00:04:18.831,3,5,8,2,3,3,2,3,3,1
7,1970-01-01 00:04:18.831,3,5,8,2,3,3,2,3,3,1
8,1970-01-01 00:06:57.322,4,0,4,5,5,3,3,1,2,1
9,1970-01-01 00:07:16.873,4,0,4,5,5,3,3,1,2,1
10,1970-01-01 00:08:58.709,4,6,6,3,4,3,2,-2,2,1
11,1970-01-01 00:09:06.593,4,6,6,3,4,3,2,-2,2,1
12,1970-01-01 00:10:00.978,2,6,7,9,3,3,1,-2,5,2
13,1970-01-01 00:10:02.851,2,6,7,9,3,3,1,-2,5,2
14,1970-01-01 00:10:09.259,2,6,7,9,3,3,1,-2,5,2
15,1970-01-01 00:10:15.505,2,6,7,9,3,3,1,-2,5,2
16,1970-01-01 00:03:12.448,2,7,7,6,2,2,1,1,2,6
17,1970-01-01 00:03:32.252,2,7,7,6,2,2,1,1,2,1
18,1970-01-01 00:07:14.292,4,2,4,7,2,3,2,0,2,2
19,1970-01-01 00:07:32.208,4,2,4,7,2,3,2,0,2,2
20,1970-01-01 00:09:18.295,3,5,5,5,5,2,3,1,3,1
21,1970-01-01 00:09:31.918,3,5,5,5,5,2,3,1,3,1
22,1970-01-01 00:04:07.127,1,6,3,7,2,3,3,4,5,1
23,1970-01-01 00:04:07.192,1,6,3,7,2,3,3,4,5,1
24,1970-01-01 00:07:07.097,4,3,2,9,4,3,1,-4,1,4
25,1970-01-01 00:08:31.357,1,7,6,1,4,2,1,-3,2,2
26,1970-01-01 00:08:32.725,1,7,6,1,4,2,1,-3,2,2
27,1970-01-01 00:09:11.294,1,7,6,1,4,2,1,-3,2,1
28,1970-01-01 00:09:48.651,3,1,8,7,4,2,2,5,3,2
29,1970-01-01 00:09:49.686,3,1,8,7,4,2,2,5,3,2
30,1970-01-01 00:10:06.726,3,1,8,7,4,2,2,5,3,2
31,1970-01-01 00:01:24.061,4,4,2,2,3,3,1,5,5,2
32,1970-01-01 00:03:07.773,2,5,5,3,1,2,1,3,4,1
33,1970-01-01 00:04:06.616,3,1,6,10,3,2,2,4,3,1
34,1970-01-01 00:04:06.736,3,1,6,10,3,2,2,4,3,1
35,1970-01-01 00:04:05.128,3,7,4,10,5,2,2,-4,5,1
36,1970-01-01 00:04:05.200,3,7,4,10,5,2,2,-4,5,1
37,1970-01-01 00:04:07.333,1,6,5,7,2,2,1,-2,5,1
38,1970-01-01 00:04:07.428,1,6,5,7,2,2,1,-2,5,1
39,1970-01-01 00:06:38.300,1,3,3,1,2,2,2,-1,1,1
40,1970-01-01 00:06:38.692,1,3,3,1,2,2,2,-1,1,6
41,1970-01-01 00:07:59.792,1,8,6,2,2,2,2,-3,5,2
42,1970-01-01 00:08:00.693,1,8,6,2,2,2,2,-3,5,2
43,1970-01-01 00:08:07.208,1,8,6,2,2,2,2,-3,5,2
44,1970-01-01 00:08:15.644,1,8,6,2,2,2,2,-3,5,2
45,1970-01-01 00:08:27.004,1,8,6,2,2,2,2,-3,5,2
46,1970-01-01 00:08:29.013,1,8,6,2,2,2,2,-3,5,2
47,1970-01-01 00:08:46.457,1,8,6,2,2,2,2,-3,5,2
48,1970-01-01 00:08:51.887,1,8,6,2,2,2,2,-3,5,2
49,1970-01-01 00:09:14.446,1,7,1,9,3,3,1,4,4,2
50,1970-01-01 00:09:16.264,1,7,1,9,3,3,1,4,4,2
51,1970-01-01 00:09:22.722,1,7,1,9,3,3,1,4,4,2
52,1970-01-01 00:09:29.038,1,7,1,9,3,3,1,4,4,2
53,1970-01-01 00:10:18.630,1,7,1,9,3,3,1,4,4,6
54,1970-01-01 00:04:07.743,4,1,4,10,2,2,1,-1,4,1
55,1970-01-01 00:04:10.949,4,1,4,10,2,2,1,-1,4,1
56,1970-01-01 00:04:17.815,4,1,4,10,2,2,1,-1,4,6
57,1970-01-01 00:04:50.051,4,1,4,10,2,2,1,-1,4,1
58,1970-01-01 00:05:50.118,2,5,1,9,1,3,3,-3,4,1
59,1970-01-01 00:05:50.350,2,5,1,9,1,3,3,-3,4,2
60,1970-01-01 00:06:11.125,2,5,1,9,1,3,3,-3,4,2
61,1970-01-01 00:06:13.041,2,5,1,9,1,3,3,-3,4,2
62,1970-01-01 00:09:46.684,2,8,7,10,5,2,1,0,5,2
63,1970-01-01 00:09:48.134,2,8,7,10,5,2,1,0,5,2
64,1970-01-01 00:09:54.613,2,8,7,10,5,2,1,0,5,2
65,1970-01-01 00:10:00.817,2,8,7,10,5,2,1,0,5,2
66,1970-01-01 00:06:04.704,4,3,4,9,1,2,2,1,5,1
67,1970-01-01 00:06:44.880,4,3,4,9,1,2,2,1,5,1
68,1970-01-01 00:06:58.737,4,3,4,9,1,2,2,1,5,4
69,1970-01-01 00:07:00.746,4,3,4,9,1,2,2,1,5,5
70,1970-01-01 00:08:49.361,1,2,6,2,1,3,3,5,5,1
71,1970-01-01 00:04:10.533,3,3,7,6,5,2,3,2,3,1
72,1970-01-01 00:04:25.503,3,3,7,6,5,2,3,2,3,1
73,1970-01-01 00:04:25.547,3,3,7,6,5,2,3,2,3,1
74,1970-01-01 00:05:11.148,2,0,1,9,4,3,2,-5,1,2
75,1970-01-01 00:05:15.599,2,0,1,9,4,3,2,-5,1,2
76,1970-01-01 00:05:26.727,2,0,1,9,4,3,2,-5,1,2
77,1970-01-01 00:05:35.093,2,0,1,9,4,3,2,-5,1,2
78,1970-01-01 00:09:03.282,4,0,4,4,2,3,2,5,1,2
79,1970-01-01 00:09:03.856,4,0,4,4,2,3,2,5,1,2
80,1970-01-01 00:09:10.293,4,0,4,4,2,3,2,5,1,2
81,1970-01-01 00:04:26.207,3,5,2,2,3,2,3,3,2,1
82,1970-01-01 00:05:21.467,2,7,4,5,3,2,1,4,4,2
83,1970-01-01 00:05:27.979,2,7,4,5,3,2,1,4,4,2
84,1970-01-01 00:06:54.314,4,5,2,4,1,2,3,-1,3,1
85,1970-01-01 00:06:54.904,4,5,2,4,1,2,3,-1,3,6
86,1970-01-01 00:06:54.943,4,5,2,4,1,2,3,-1,3,1
87,1970-01-01 00:09:22.673,4,5,6,8,1,3,2,-2,1,1
88,1970-01-01 00:04:19.154,2,5,9,4,4,3,3,4,2,1
89,1970-01-01 00:04:19.234,2,5,9,4,4,3,3,4,2,1
90,1970-01-01 00:04:07.670,2,6,8,3,4,2,3,0,3,1
91,1970-01-01 00:04:07.742,2,6,8,3,4,2,3,0,3,1
92,1970-01-01 00:04:17.931,2,7,2,4,1,2,3,-4,4,1
93,1970-01-01 00:04:18.030,2,7,2,4,1,2,3,-4,4,1
94,1970-01-01 00:05:14.473,3,7,2,6,1,3,1,2,2,7
95,1970-01-01 00:05:16.114,3,7,2,6,1,3,1,2,2,1
96,1970-01-01 00:05:21.085,3,7,2,6,1,3,1,2,2,4
97,1970-01-01 00:04:08.312,2,8,7,2,1,2,3,-1,4,1
98,1970-01-01 00:04:08.398,2,8,7,2,1,2,3,-1,4,1
99,1970-01-01 00:09:11.094,2,7,9,3,3,3,3,-1,2,1
100,1970-01-01 00:01:28.806,1,3,1,6,5,2,2,2,1,2
101,1970-01-01 00:01:49.580,1,3,1,6,5,2,2,2,1,2
102,1970-01-01 00:01:55.973,1,3,1,6,5,2,2,2,1,2
103,1970-01-01 00:03:09.276,1,3,8,2,3,3,2,1,2,2
104,1970-01-01 00:03:10.562,1,3,8,2,3,3,2,1,2,2
105,1970-01-01 00:03:16.969,1,3,8,2,3,3,2,1,2,2
106,1970-01-01 00:03:23.251,1,3,8,2,3,3,2,1,2,2
107,1970-01-01 00:04:25.868,1,8,3,5,3,2,3,5,3,2
108,1970-01-01 00:04:28.058,1,8,3,5,3,2,3,5,3,2
109,1970-01-01 00:04:34.430,1,8,3,5,3,2,3,5,3,2
110,1970-01-01 00:07:29.622,4,4,8,9,2,2,1,-4,4,1
111,1970-01-01 00:04:09.926,2,7,8,2,2,2,1,-4,1,1
112,1970-01-01 00:04:06.404,4,1,1,6,4,3,3,3,4,1
113,1970-01-01 00:04:06.498,4,1,1,6,4,3,3,3,4,1
114,1970-01-01 00:09:08.951,4,5,1,3,2,3,1,-2,2,1
115,1970-01-01 00:02:07.835,4,5,1,2,4,2,2,-1,3,6
116,1970-01-01 00:04:30.864,1,8,9,4,4,2,1,-1,3,1
117,1970-01-01 00:05:43.565,2,3,1,4,5,3,1,-2,5,2
118,1970-01-01 00:08:41.223,1,1,4,5,1,2,2,-3,2,1
119,1970-01-01 00:09:42.434,4,3,2,9,5,2,1,4,4,2
120,1970-01-01 00:09:44.218,4,3,2,9,5,2,1,4,4,2
121,1970-01-01 00:10:26.360,4,3,2,9,5,2,1,4,4,4
122,1970-01-01 00:10:27.281,4,3,2,9,5,2,1,4,4,5
123,1970-01-01 00:10:29.042,4,3,2,9,5,2,1,4,4,6
124,1970-01-01 00:01:38.864,2,2,6,6,5,2,3,5,2,1
125,1970-01-01 00:05:35.996,1,1,6,3,1,3,2,3,5,1
126,1970-01-01 00:05:42.984,1,1,6,3,1,3,2,3,5,2
127,1970-01-01 00:09:04.767,4,8,1,8,5,2,1,1,5,2
128,1970-01-01 00:09:05.183,4,8,1,8,5,2,1,1,5,2
129,1970-01-01 00:09:11.661,4,8,1,8,5,2,1,1,5,2
130,1970-01-01 00:09:20.076,4,8,1,8,5,2,1,1,5,2
131,1970-01-01 00:04:07.861,2,7,1,4,3,2,2,-3,2,1
132,1970-01-01 00:04:07.950,2,7,1,4,3,2,2,-3,2,1
133,1970-01-01 00:04:18.294,1,2,1,10,1,3,2,-1,1,1
134,1970-01-01 00:04:18.366,1,2,1,10,1,3,2,-1,1,1
135,1970-01-01 00:04:18.647,4,8,7,5,5,2,2,-3,3,1
136,1970-01-01 00:04:18.748,4,8,7,5,5,2,2,-3,3,1
137,1970-01-01 00:01:04.970,3,4,2,4,5,3,1,2,5,7
138,1970-01-01 00:01:29.902,3,7,4,8,4,3,3,3,1,1
139,1970-01-01 00:01:30.018,3,7,4,8,4,3,3,3,1,1
140,1970-01-01 00:04:07.303,2,4,1,3,3,2,2,-1,4,1
141,1970-01-01 00:04:07.377,2,4,1,3,3,2,2,-1,4,1
142,1970-01-01 00:06:39.252,2,5,6,1,2,2,1,5,4,1
143,1970-01-01 00:06:41.235,2,5,6,1,2,2,1,5,4,1
144,1970-01-01 00:09:15.968,1,8,8,7,5,2,1,3,5,1
145,1970-01-01 00:09:35.497,1,8,8,7,5,2,1,3,5,1
146,1970-01-01 00:01:25.649,1,3,4,4,5,3,2,4,3,1
147,1970-01-01 00:01:25.734,1,3,4,4,5,3,2,4,3,1
148,1970-01-01 00:01:28.693,1,3,4,4,5,3,2,4,3,2
149,1970-01-01 00:01:48.512,1,3,4,4,5,3,2,4,3,2
150,1970-01-01 00:04:22.621,4,1,5,8,4,3,3,-1,2,1
151,1970-01-01 00:07:33.016,1,2,8,8,1,2,1,-3,4,2
152,1970-01-01 00:07:33.822,1,2,8,8,1,2,1,-3,4,2
153,1970-01-01 00:09:44.677,3,6,3,10,5,2,3,-5,2,1
154,1970-01-01 00:04:19.460,2,5,7,10,4,3,2,-3,2,1
155,1970-01-01 00:04:19.542,2,5,7,10,4,3,2,-3,2,1
156,1970-01-01 00:01:08.216,4,2,2,6,4,3,2,0,2,2
157,1970-01-01 00:01:46.915,4,2,2,6,4,3,2,0,2,2
158,1970-01-01 00:01:54.301,4,2,2,6,4,3,2,0,2,1
159,1970-01-01 00:01:54.365,4,2,2,6,4,3,2,0,2,1
160,1970-01-01 00:01:55.298,4,2,2,6,4,3,2,0,2,1
161,1970-01-01 00:01:56.317,4,2,2,6,4,3,2,0,2,1
162,1970-01-01 00:01:56.318,4,2,2,6,4,3,2,0,2,1
163,1970-01-01 00:07:22.774,4,5,9,8,1,3,2,-4,3,1
164,1970-01-01 00:01:34.107,2,5,7,7,4,2,1,1,5,1
165,1970-01-01 00:04:17.751,1,8,4,1,5,3,3,3,3,1
166,1970-01-01 00:04:17.838,1,8,4,1,5,3,3,3,3,1
167,1970-01-01 00:04:04.355,4,3,1,9,3,3,3,4,3,1
168,1970-01-01 00:04:04.434,4,3,1,9,3,3,3,4,3,1
169,1970-01-01 00:04:04.434,4,3,1,9,3,3,3,4,3,1
170,1970-01-01 00:09:19.108,3,2,9,3,2,3,3,-1,1,1
171,1970-01-01 00:09:19.219,3,2,9,3,2,3,3,-1,1,1
172,1970-01-01 00:04:06.380,4,8,2,1,1,3,1,-2,2,1
173,1970-01-01 00:04:06.465,4,8,2,1,1,3,1,-2,2,1
174,1970-01-01 00:05:18.605,4,2,3,3,1,3,2,-2,3,2
175,1970-01-01 00:05:20.352,4,2,3,3,1,3,2,-2,3,4
176,1970-01-01 00:05:20.729,4,2,3,3,1,3,2,-2,3,5
177,1970-01-01 00:04:49.374,4,5,1,4,4,3,3,-3,1,1
178,1970-01-01 00:04:19.341,3,3,7,6,2,2,1,-1,1,1
179,1970-01-01 00:04:19.424,3,3,7,6,2,2,1,-1,1,1
180,1970-01-01 00:05:53.070,4,6,6,8,3,2,1,-3,2,1
181,1970-01-01 00:05:55.438,4,6,6,8,3,2,1,-3,2,1
182,1970-01-01 00:06:03.835,4,6,6,8,3,2,1,-3,2,1
183,1970-01-01 00:06:03.858,4,6,6,8,3,2,1,-3,2,1
184,1970-01-01 00:09:58.757,3,6,8,7,3,3,3,1,1,1
185,1970-01-01 00:10:10.590,3,6,8,7,3,3,3,1,1,6
186,1970-01-01 00:01:34.933,1,1,7,9,2,3,1,-4,1,1
187,1970-01-01 00:04:06.202,4,7,6,8,3,2,2,-4,1,1
188,1970-01-01 00:04:06.286,4,7,6,8,3,2,2,-4,1,1
189,1970-01-01 00:06:30.976,3,1,2,8,5,3,1,5,3,7
190,1970-01-01 00:01:32.768,2,0,6,6,5,2,2,2,1,1
191,1970-01-01 00:04:09.143,3,0,1,1,4,3,2,-4,1,1
192,1970-01-01 00:04:09.239,3,0,1,1,4,3,2,-4,1,1
193,1970-01-01 00:04:18.174,3,2,5,7,4,3,3,2,3,1
194,1970-01-01 00:04:18.259,3,2,5,7,4,3,3,2,3,1
195,1970-01-01 00:02:36.462,4,2,2,8,4,3,2,2,1,2
196,1970-01-01 00:02:57.899,4,2,2,8,4,3,2,2,1,2
197,1970-01-01 00:03:04.680,4,2,2,8,4,3,2,2,1,2
198,1970-01-01 00:04:41.705,4,4,7,10,3,3,3,-3,3,1
199,1970-01-01 00:04:41.709,4,4,7,10,3,3,3,-3,3,1
200,1970-01-01 00:05:48.368,3,0,2,10,2,3,1,-5,3,7
201,1970-01-01 00:01:35.037,3,7,8,8,3,2,2,-5,3,1
202,1970-01-01 00:04:19.218,2,1,4,10,4,3,3,1,5,1
203,1970-01-01 00:04:19.297,2,1,4,10,4,3,3,1,5,1
204,1970-01-01 00:04:07.869,2,1,3,10,1,2,3,3,5,1
205,1970-01-01 00:04:07.931,2,1,3,10,1,2,3,3,5,1
206,1970-01-01 00:04:07.932,2,1,3,10,1,2,3,3,5,1
207,1970-01-01 00:09:21.330,3,3,7,10,3,2,2,-3,5,1
208,1970-01-01 00:09:21.445,3,3,7,10,3,2,2,-3,5,1
209,1970-01-01 00:04:19.059,3,0,8,2,4,3,1,2,4,1
210,1970-01-01 00:04:19.137,3,0,8,2,4,3,1,2,4,1
211,1970-01-01 00:04:37.737,3,0,8,2,4,3,1,2,4,7
212,1970-01-01 00:04:41.846,3,0,8,2,4,3,1,2,4,4
213,1970-01-01 00:04:55.644,3,0,8,2,4,3,1,2,4,4
214,1970-01-01 00:02:54.919,4,5,4,4,3,2,3,-5,2,1
215,1970-01-01 00:02:56.326,4,5,4,4,3,2,3,-5,2,4
216,1970-01-01 00:02:56.400,4,5,4,4,3,2,3,-5,2,2
217,1970-01-01 00:03:04.417,4,5,4,4,3,2,3,-5,2,2
218,1970-01-01 00:03:04.417,4,5,4,4,3,2,3,-5,2,4
219,1970-01-01 00:04:17.236,4,6,9,6,1,3,3,1,1,1
220,1970-01-01 00:04:17.317,4,6,9,6,1,3,3,1,1,1
221,1970-01-01 00:07:26.921,1,2,8,8,3,2,1,-4,3,4
222,1970-01-01 00:07:27.702,1,2,8,8,3,2,1,-4,3,5
223,1970-01-01 00:07:39.147,1,2,8,8,3,2,1,-4,3,4
224,1970-01-01 00:07:54.996,1,2,8,8,3,2,1,-4,3,2
225,1970-01-01 00:08:31.606,1,6,8,2,3,3,1,-3,2,2
226,1970-01-01 00:08:46.399,1,6,8,2,3,3,1,-3,2,2
227,1970-01-01 00:09:04.627,1,6,8,2,3,3,1,-3,2,2
228,1970-01-01 00:09:11.579,1,6,8,2,3,3,1,-3,2,2
229,1970-01-01 00:03:06.236,4,5,6,5,1,2,1,-1,5,1
230,1970-01-01 00:03:06.380,4,5,6,5,1,2,1,-1,5,1
231,1970-01-01 00:04:02.076,4,5,6,7,3,2,1,-1,4,2
232,1970-01-01 00:04:07.061,4,5,6,7,3,2,1,-1,4,2
233,1970-01-01 00:04:13.039,4,5,6,7,3,2,1,-1,4,2
234,1970-01-01 00:10:05.304,1,0,4,1,1,3,3,-1,5,1
235,1970-01-01 00:10:05.348,1,0,4,1,1,3,3,-1,5,1
236,1970-01-01 00:10:05.410,1,0,4,1,1,3,3,-1,5,2
237,1970-01-01 00:10:05.488,1,0,4,1,1,3,3,-1,5,4
238,1970-01-01 00:10:06.677,1,0,4,1,1,3,3,-1,5,2
239,1970-01-01 00:10:06.678,1,0,4,1,1,3,3,-1,5,4
240,1970-01-01 00:04:48.953,3,4,6,7,2,2,2,-4,4,1
241,1970-01-01 00:05:43.025,4,2,6,1,5,2,2,4,3,1
242,1970-01-01 00:05:43.335,4,2,6,1,5,2,2,4,3,2
243,1970-01-01 00:05:44.267,4,2,6,1,5,2,2,4,3,2
244,1970-01-01 00:05:49.776,4,2,6,1,5,2,2,4,3,2
245,1970-01-01 00:05:56.171,4,2,6,1,5,2,2,4,3,2
246,1970-01-01 00:01:33.445,3,3,2,10,2,3,2,-5,3,1
247,1970-01-01 00:03:31.838,4,8,2,8,4,2,2,0,4,1
248,1970-01-01 00:04:19.298,4,8,2,8,4,2,2,0,4,1
249,1970-01-01 00:02:01.035,1,3,8,5,2,2,1,-4,1,1
250,1970-01-01 00:02:05.134,1,3,8,5,2,2,1,-4,1,4
251,1970-01-01 00:06:36.768,3,1,6,1,5,2,2,5,2,2
252,1970-01-01 00:06:43.172,3,1,6,1,5,2,2,5,2,2
253,1970-01-01 00:09:10.734,1,6,9,4,3,3,1,-4,5,2
254,1970-01-01 00:09:13.491,1,6,9,4,3,3,1,-4,5,2
255,1970-01-01 00:04:18.698,2,3,8,5,2,3,2,3,5,1
256,1970-01-01 00:04:18.778,2,3,8,5,2,3,2,3,5,1
257,1970-01-01 00:04:09.114,1,1,5,2,1,2,1,5,3,1
258,1970-01-01 00:04:18.769,1,1,5,2,1,2,1,5,3,1
259,1970-01-01 00:04:18.843,1,1,5,2,1,2,1,5,3,1
260,1970-01-01 00:04:19.012,1,1,5,2,1,2,1,5,3,6
261,1970-01-01 00:04:19.439,1,1,5,2,1,2,1,5,3,1
262,1970-01-01 00:02:58.662,1,5,6,6,5,3,3,0,5,1
263,1970-01-01 00:03:04.573,1,5,6,6,5,3,3,0,5,1
264,1970-01-01 00:02:47.877,4,1,4,5,4,2,1,5,4,1
265,1970-01-01 00:02:48.048,4,1,4,5,4,2,1,5,4,1
266,1970-01-01 00:02:58.654,4,1,4,5,4,2,1,5,4,1
267,1970-01-01 00:03:18.640,4,1,4,5,4,2,1,5,4,4
268,1970-01-01 00:03:21.473,4,1,4,5,4,2,1,5,4,2
269,1970-01-01 00:05:00.987,2,0,2,2,4,2,1,-1,1,2
270,1970-01-01 00:05:01.949,2,0,2,2,4,2,1,-1,1,2
271,1970-01-01 00:05:13.137,2,0,2,2,4,2,1,-1,1,2
272,1970-01-01 00:05:15.300,2,0,2,2,4,2,1,-1,1,2
273,1970-01-01 00:05:26.532,2,0,2,2,4,2,1,-1,1,1
274,1970-01-01 00:07:07.377,3,8,6,3,3,2,1,2,4,7
275,1970-01-01 00:01:37.635,3,4,5,5,4,2,1,5,2,1
276,1970-01-01 00:02:46.201,1,4,4,5,3,2,1,3,5,1
277,1970-01-01 00:02:55.183,1,4,4,5,3,2,1,3,5,2
278,1970-01-01 00:04:37.882,3,7,9,9,2,2,2,-1,1,1
279,1970-01-01 00:04:38.191,3,7,9,9,2,2,2,-1,1,1
280,1970-01-01 00:05:44.780,3,2,2,8,5,3,3,-3,5,7
281,1970-01-01 00:04:06.221,2,1,8,10,2,3,1,1,5,1
282,1970-01-01 00:04:06.302,2,1,8,10,2,3,1,1,5,1
283,1970-01-01 00:08:18.874,1,4,6,10,1,2,2,1,5,1
284,1970-01-01 00:09:45.103,2,8,9,4,5,3,3,5,3,1
285,1970-01-01 00:01:25.036,3,5,9,10,1,3,3,2,3,1
286,1970-01-01 00:04:18.614,4,1,3,4,3,3,3,4,1,1
287,1970-01-01 00:04:18.707,4,1,3,4,3,3,3,4,1,1
288,1970-01-01 00:04:00.703,2,7,3,7,2,3,1,0,4,1
289,1970-01-01 00:04:00.780,2,7,3,7,2,3,1,0,4,1
290,1970-01-01 00:03:28.017,1,1,6,7,5,2,3,3,1,1
291,1970-01-01 00:04:25.251,1,1,6,7,5,2,3,3,1,1
292,1970-01-01 00:04:18.883,3,5,4,5,3,2,2,-5,2,1
293,1970-01-01 00:04:18.952,3,5,4,5,3,2,2,-5,2,1
294,1970-01-01 00:08:37.234,1,2,4,2,5,3,2,1,5,6
295,1970-01-01 00:08:38.063,1,2,4,2,5,3,2,1,5,1
296,1970-01-01 00:08:40.229,1,2,4,2,5,3,2,1,5,1
297,1970-01-01 00:04:01.829,2,5,3,2,3,3,2,0,4,1
298,1970-01-01 00:04:01.936,2,5,3,2,3,3,2,0,4,1
299,1970-01-01 00:07:45.384,1,2,2,9,5,2,2,2,4,2
300,1970-01-01 00:07:55.174,1,2,2,9,5,2,2,2,4,2
301,1970-01-01 00:07:59.739,1,2,2,9,5,2,2,2,4,4
302,1970-01-01 00:08:01.443,1,2,2,9,5,2,2,2,4,2
303,1970-01-01 00:08:01.466,1,2,2,9,5,2,2,2,4,4
304,1970-01-01 00:08:07.783,1,2,2,9,5,2,2,2,4,2
305,1970-01-01 00:08:07.783,1,2,2,9,5,2,2,2,4,4
306,1970-01-01 00:01:40.334,2,2,8,5,4,2,3,-4,5,1
307,1970-01-01 00:09:22.812,1,2,6,3,1,2,2,3,1,2
308,1970-01-01 00:09:23.561,1,2,6,3,1,2,2,3,1,2
309,1970-01-01 00:10:02.593,1,2,6,3,1,2,2,3,1,6
310,1970-01-01 00:10:02.978,1,2,6,3,1,2,2,3,1,1
311,1970-01-01 00:01:04.826,4,1,2,2,5,3,3,3,5,1
312,1970-01-01 00:01:04.883,4,1,2,2,5,3,3,3,5,1
313,1970-01-01 00:01:05.070,4,1,2,2,5,3,3,3,5,1
314,1970-01-01 00:04:13.057,4,1,5,4,1,3,1,-3,4,1
315,1970-01-01 00:01:38.429,2,0,8,6,3,3,3,3,3,1
316,1970-01-01 00:04:07.555,2,0,9,2,4,3,3,-4,4,1
317,1970-01-01 00:04:07.618,2,0,9,2,4,3,3,-4,4,1
318,1970-01-01 00:08:09.284,4,4,5,3,2,2,1,1,1,1
319,1970-01-01 00:01:42.232,1,5,6,7,3,2,3,-5,3,1
320,1970-01-01 00:03:13.416,1,5,8,5,4,2,2,-4,1,1
321,1970-01-01 00:04:25.046,2,1,5,10,5,2,1,-1,2,2
322,1970-01-01 00:04:29.788,2,1,5,10,5,2,1,-1,2,2
323,1970-01-01 00:04:36.236,2,1,5,10,5,2,1,-1,2,2
324,1970-01-01 00:07:50.811,3,6,7,10,5,2,3,5,2,1
325,1970-01-01 00:07:51.666,3,6,7,10,5,2,3,5,2,1
326,1970-01-01 00:08:02.773,3,6,7,10,5,2,3,5,2,1
327,1970-01-01 00:08:02.849,3,6,7,10,5,2,3,5,2,1
328,1970-01-01 00:04:16.641,1,3,4,2,4,2,3,0,3,1
329,1970-01-01 00:04:16.727,1,3,4,2,4,2,3,0,3,1
330,1970-01-01 00:01:34.049,4,5,6,7,4,2,1,5,3,1
331,1970-01-01 00:01:58.123,4,5,6,7,4,2,1,5,3,2
332,1970-01-01 00:08:33.256,4,1,4,7,5,3,3,-4,4,1
333,1970-01-01 00:09:31.976,4,1,4,7,5,3,3,-4,4,1
334,1970-01-01 00:02:42.658,4,5,2,5,1,3,2,4,3,2
335,1970-01-01 00:03:39.260,4,5,2,5,1,3,2,4,3,1
336,1970-01-01 00:05:21.987,1,7,2,3,4,3,2,-3,2,1
337,1970-01-01 00:05:22.079,1,7,2,3,4,3,2,-3,2,1
338,1970-01-01 00:07:38.398,1,1,2,10,4,3,3,-4,2,1
339,1970-01-01 00:07:42.933,1,1,2,10,4,3,3,-4,2,1
340,1970-01-01 00:09:11.867,1,6,2,5,2,2,3,-5,3,2
341,1970-01-01 00:09:23.351,1,6,2,5,2,2,3,-5,3,2
342,1970-01-01 00:09:23.480,1,6,2,5,2,2,3,-5,3,2
343,1970-01-01 00:03:58.941,1,1,9,5,3,3,2,-5,5,1
344,1970-01-01 00:03:59.037,1,1,9,5,3,3,2,-5,5,1
345,1970-01-01 00:09:01.994,3,5,5,2,3,3,1,-5,3,1
346,1970-01-01 00:04:17.448,3,7,8,9,5,2,1,3,3,1
347,1970-01-01 00:04:17.529,3,7,8,9,5,2,1,3,3,1
348,1970-01-01 00:05:37.143,4,5,4,4,5,3,2,2,4,1
349,1970-01-01 00:05:38.216,4,5,4,4,5,3,2,2,4,4
350,1970-01-01 00:09:53.001,3,1,8,9,2,2,3,2,4,2
351,1970-01-01 00:09:54.401,3,1,8,9,2,2,3,2,4,2
352,1970-01-01 00:10:01.120,3,1,8,9,2,2,3,2,4,2
353,1970-01-01 00:10:07.138,3,1,8,9,2,2,3,2,4,2
354,1970-01-01 00:10:14.110,3,1,8,9,2,2,3,2,4,2
355,1970-01-01 00:03:11.045,1,4,8,3,3,2,1,3,1,1
356,1970-01-01 00:01:42.043,3,7,6,6,1,3,1,4,3,7
357,1970-01-01 00:01:42.435,3,7,6,6,1,3,1,4,3,1
358,1970-01-01 00:01:45.357,3,7,6,6,1,3,1,4,3,4
359,1970-01-01 00:02:12.415,3,7,6,6,1,3,1,4,3,4
360,1970-01-01 00:04:32.546,1,8,3,4,5,2,2,-5,5,1
361,1970-01-01 00:04:32.626,1,8,3,4,5,2,2,-5,5,1
362,1970-01-01 00:09:43.497,3,2,1,8,3,2,3,-2,4,1
363,1970-01-01 00:09:43.515,3,2,1,8,3,2,3,-2,4,1
364,1970-01-01 00:01:10.911,1,3,3,2,4,2,3,1,2,2
365,1970-01-01 00:01:14.499,1,3,3,2,4,2,3,1,2,2
366,1970-01-01 00:01:15.064,1,3,3,2,4,2,3,1,2,4
367,1970-01-01 00:01:47.109,1,3,3,2,4,2,3,1,2,2
368,1970-01-01 00:03:41.880,2,1,2,1,4,2,2,-3,3,2
369,1970-01-01 00:03:56.432,2,1,2,1,4,2,2,-3,3,2
370,1970-01-01 00:04:03.015,2,1,2,1,4,2,2,-3,3,2
371,1970-01-01 00:04:16.464,2,1,2,1,4,2,2,-3,3,2
372,1970-01-01 00:04:17.938,2,1,2,1,4,2,2,-3,3,2
373,1970-01-01 00:05:47.371,2,0,2,10,3,3,1,2,4,2
374,1970-01-01 00:05:48.045,2,0,2,10,3,3,1,2,4,1
375,1970-01-01 00:05:48.145,2,0,2,10,3,3,1,2,4,1
376,1970-01-01 00:01:19.268,4,0,4,2,4,2,2,5,2,1
377,1970-01-01 00:01:19.291,4,0,4,2,4,2,2,5,2,1
378,1970-01-01 00:01:19.348,4,0,4,2,4,2,2,5,2,2
379,1970-01-01 00:01:20.608,4,0,4,2,4,2,2,5,2,2
380,1970-01-01 00:01:38.277,4,0,4,2,4,2,2,5,2,1
381,1970-01-01 00:02:48.052,4,1,6,1,1,2,3,1,2,2
382,1970-01-01 00:04:14.536,3,2,6,3,3,2,2,-4,3,2
383,1970-01-01 00:04:19.352,3,2,6,3,3,2,2,-4,3,2
384,1970-01-01 00:04:21.762,3,2,6,3,3,2,2,-4,3,4
385,1970-01-01 00:04:25.745,3,2,6,3,3,2,2,-4,3,2
386,1970-01-01 00:04:26.694,3,2,6,3,3,2,2,-4,3,4
387,1970-01-01 00:07:44.845,4,0,8,2,3,2,2,-2,3,2
388,1970-01-01 00:07:44.845,4,0,8,2,3,2,2,-2,3,4
389,1970-01-01 00:07:45.240,4,0,8,2,3,2,2,-2,3,2
390,1970-01-01 00:07:45.467,4,0,8,2,3,2,2,-2,3,4
391,1970-01-01 00:07:45.780,4,0,8,2,3,2,2,-2,3,1
392,1970-01-01 00:10:22.826,2,7,3,9,1,2,1,1,1,1
393,1970-01-01 00:01:45.490,1,2,6,9,3,3,3,-4,3,1
394,1970-01-01 00:04:06.049,3,0,1,5,5,2,2,3,2,1
395,1970-01-01 00:04:06.115,3,0,1,5,5,2,2,3,2,1
396,1970-01-01 00:07:53.479,4,2,3,1,2,2,2,-2,4,2
397,1970-01-01 00:07:53.755,4,2,3,1,2,2,2,-2,4,2
398,1970-01-01 00:08:00.165,4,2,3,1,2,2,2,-2,4,2
399,1970-01-01 00:02:45.866,4,0,4,5,2,3,2,-2,2,1
400,1970-01-01 00:02:47.571,4,0,4,5,2,3,2,-2,2,1
401,1970-01-01 00:02:56.760,4,0,4,5,2,3,2,-2,2,2
402,1970-01-01 00:03:33.331,4,0,4,5,2,3,2,-2,2,2
403,1970-01-01 00:03:34.646,4,0,4,5,2,3,2,-2,2,2
404,1970-01-01 00:04:11.167,2,5,7,4,3,3,3,-4,5,2
405,1970-01-01 00:04:17.015,2,5,7,4,3,3,3,-4,5,2
406,1970-01-01 00:04:23.085,2,5,7,4,3,3,3,-4,5,1
407,1970-01-01 00:04:23.800,2,5,7,4,3,3,3,-4,5,2
408,1970-01-01 00:04:27.714,2,5,7,4,3,3,3,-4,5,4
409,1970-01-01 00:04:27.770,2,5,7,4,3,3,3,-4,5,1
410,1970-01-01 00:04:30.906,2,5,7,4,3,3,3,-4,5,2
411,1970-01-01 00:04:31.940,2,5,7,4,3,3,3,-4,5,4
412,1970-01-01 00:01:34.637,1,3,8,9,3,3,3,-1,3,1
413,1970-01-01 00:04:07.801,3,2,8,6,5,2,3,2,3,1
414,1970-01-01 00:04:07.886,3,2,8,6,5,2,3,2,3,1
415,1970-01-01 00:08:03.541,1,4,4,7,2,3,2,-4,4,1
416,1970-01-01 00:05:41.261,4,0,6,1,3,2,2,3,5,1
417,1970-01-01 00:04:13.554,1,2,1,9,5,3,1,4,2,1
418,1970-01-01 00:07:28.962,4,1,8,9,4,2,1,-4,5,5
419,1970-01-01 00:07:52.190,4,1,8,9,4,2,1,-4,5,1
420,1970-01-01 00:07:52.191,4,1,8,9,4,2,1,-4,5,1
421,1970-01-01 00:07:52.317,4,1,8,9,4,2,1,-4,5,1
422,1970-01-01 00:07:52.622,4,1,8,9,4,2,1,-4,5,6
423,1970-01-01 00:08:46.798,4,2,4,5,2,3,1,0,2,1
424,1970-01-01 00:08:51.264,4,2,4,5,2,3,1,0,2,1
425,1970-01-01 00:08:52.247,4,2,4,5,2,3,1,0,2,1
426,1970-01-01 00:08:55.476,4,2,4,5,2,3,1,0,2,6
427,1970-01-01 00:09:05.833,4,2,4,5,2,3,1,0,2,1
428,1970-01-01 00:10:02.062,4,2,4,5,2,3,1,0,2,1
429,1970-01-01 00:10:02.295,4,2,4,5,2,3,1,0,2,2
430,1970-01-01 00:04:17.312,4,0,3,1,3,3,2,3,3,1
431,1970-01-01 00:04:17.397,4,0,3,1,3,3,2,3,3,1
432,1970-01-01 00:02:49.790,1,6,4,7,4,2,1,5,2,1
433,1970-01-01 00:04:42.330,4,7,4,10,3,3,2,-5,3,1
434,1970-01-01 00:04:42.409,4,7,4,10,3,3,2,-5,3,1
435,1970-01-01 00:06:30.061,4,3,6,6,5,2,1,5,2,1
436,1970-01-01 00:08:38.454,1,1,8,8,5,2,1,0,5,1
437,1970-01-01 00:08:39.907,1,1,8,8,5,2,1,0,5,2
438,1970-01-01 00:08:45.467,1,1,8,8,5,2,1,0,5,4
439,1970-01-01 00:08:53.541,1,1,8,8,5,2,1,0,5,2
440,1970-01-01 00:09:26.382,3,3,1,3,4,3,1,1,4,2
441,1970-01-01 00:09:46.593,3,3,1,3,4,3,1,1,4,2
442,1970-01-01 00:01:33.968,2,4,8,1,4,3,3,3,2,1
443,1970-01-01 00:03:29.403,2,3,2,6,3,3,3,0,2,1
444,1970-01-01 00:04:08.621,2,3,2,6,3,3,3,0,2,1
445,1970-01-01 00:04:08.705,2,3,2,6,3,3,3,0,2,1
446,1970-01-01 00:09:33.950,4,6,4,10,3,2,1,-3,4,1
447,1970-01-01 00:09:45.694,4,6,4,10,3,2,1,-3,4,1
448,1970-01-01 00:01:39.008,3,4,1,5,3,2,2,-1,2,1
449,1970-01-01 00:03:22.230,1,2,8,6,3,2,2,-4,2,1
450,1970-01-01 00:03:58.129,2,6,6,8,4,2,2,-1,2,2
451,1970-01-01 00:04:00.198,2,6,6,8,4,2,2,-1,2,2
452,1970-01-01 00:04:19.169,4,6,7,5,4,2,1,3,5,1
453,1970-01-01 00:04:19.246,4,6,7,5,4,2,1,3,5,1
454,1970-01-01 00:08:04.371,1,1,4,1,5,3,2,-4,1,4
455,1970-01-01 00:08:04.393,1,1,4,1,5,3,2,-4,1,1
456,1970-01-01 00:08:05.824,1,1,4,1,5,3,2,-4,1,2
457,1970-01-01 00:08:15.548,1,1,4,1,5,3,2,-4,1,2
458,1970-01-01 00:04:08.433,1,6,4,6,2,3,2,2,3,1
459,1970-01-01 00:04:14.982,1,6,4,6,2,3,2,2,3,1
460,1970-01-01 00:06:15.119,4,1,8,3,4,2,1,-4,2,1
461,1970-01-01 00:06:15.220,4,1,8,3,4,2,1,-4,2,1
462,1970-01-01 00:06:15.591,4,1,8,3,4,2,1,-4,2,1
463,1970-01-01 00:08:43.669,1,3,6,5,5,2,2,-2,4,1
464,1970-01-01 00:01:24.595,4,3,4,4,1,3,1,-5,1,1
465,1970-01-01 00:01:24.655,4,3,4,4,1,3,1,-5,1,1
466,1970-01-01 00:01:33.364,4,3,4,4,1,3,1,-5,1,4
467,1970-01-01 00:04:42.184,2,3,3,7,1,2,2,-2,1,1
468,1970-01-01 00:01:33.823,1,8,6,6,1,2,3,2,2,1
469,1970-01-01 00:04:04.036,2,1,4,3,2,3,2,-1,3,1
470,1970-01-01 00:04:04.110,2,1,4,3,2,3,2,-1,3,1
471,1970-01-01 00:05:51.006,3,2,8,2,1,3,1,-1,4,7
472,1970-01-01 00:01:32.841,2,4,6,7,5,3,2,5,4,1
473,1970-01-01 00:04:05.420,2,6,7,2,4,3,3,3,1,1
474,1970-01-01 00:04:05.421,2,6,7,2,4,3,3,3,1,1
475,1970-01-01 00:06:27.362,4,6,2,2,1,2,3,3,1,2
476,1970-01-01 00:06:32.932,4,6,2,2,1,2,3,3,1,2
477,1970-01-01 00:09:09.565,3,8,6,8,2,3,2,1,3,1
478,1970-01-01 00:09:20.674,3,8,6,8,2,3,2,1,3,2
479,1970-01-01 00:09:22.014,3,8,6,8,2,3,2,1,3,2
480,1970-01-01 00:09:29.432,3,8,6,8,2,3,2,1,3,1
481,1970-01-01 00:10:15.093,3,8,6,8,2,3,2,1,3,1
482,1970-01-01 00:04:15.801,2,2,6,1,4,3,2,-5,4,1
483,1970-01-01 00:04:15.901,2,2,6,1,4,3,2,-5,4,1
484,1970-01-01 00:02:59.915,1,3,6,1,2,3,3,-3,5,1
485,1970-01-01 00:04:23.074,3,4,7,8,1,2,1,-3,3,1
486,1970-01-01 00:04:08.637,2,2,8,8,3,3,1,2,1,1
487,1970-01-01 00:04:08.712,2,2,8,8,3,3,1,2,1,1
488,1970-01-01 00:01:39.131,2,8,4,6,2,2,2,5,2,1
489,1970-01-01 00:04:10.514,1,2,1,4,1,3,1,1,3,1
490,1970-01-01 00:04:10.612,1,2,1,4,1,3,1,1,3,1
491,1970-01-01 00:01:22.471,1,1,5,6,5,2,1,2,2,1
492,1970-01-01 00:01:25.764,1,1,5,6,5,2,1,2,2,1
493,1970-01-01 00:01:29.257,1,1,5,6,5,2,1,2,2,6
494,1970-01-01 00:04:17.487,4,8,1,10,2,2,1,2,3,1
495,1970-01-01 00:07:41.460,3,8,1,4,4,2,1,4,5,1
496,1970-01-01 00:09:15.522,1,3,5,6,2,3,3,1,3,2
497,1970-01-01 00:09:23.587,1,3,5,6,2,3,3,1,3,2
498,1970-01-01 00:09:30.025,1,3,5,6,2,3,3,1,3,2
499,1970-01-01 00:09:36.211,1,3,5,6,2,3,3,1,3,2
500,1970-01-01 00:04:09.660,1,7,3,3,1,2,3,2,5,1
501,1970-01-01 00:01:34.020,3,8,8,9,5,2,3,-3,1,1
502,1970-01-01 00:04:01.158,4,7,4,7,1,3,3,-3,3,1
503,1970-01-01 00:04:01.235,4,7,4,7,1,3,3,-3,3,1
504,1970-01-01 00:09:09.715,4,6,5,7,2,3,3,1,3,1
505,1970-01-01 00:04:08.120,4,3,8,8,1,3,1,3,4,1
506,1970-01-01 00:04:08.206,4,3,8,8,1,3,1,3,4,1
507,1970-01-01 00:05:47.901,1,6,6,7,1,3,1,-5,3,1
508,1970-01-01 00:04:09.946,3,5,2,7,2,2,3,3,1,1
509,1970-01-01 00:03:50.178,1,4,5,2,4,3,3,1,2,2
510,1970-01-01 00:03:50.488,1,4,5,2,4,3,3,1,2,2
511,1970-01-01 00:03:56.405,1,4,5,2,4,3,3,1,2,2
512,1970-01-01 00:04:04.749,1,4,5,2,4,3,3,1,2,2
513,1970-01-01 00:04:21.097,1,4,5,2,4,3,3,1,2,2
514,1970-01-01 00:04:21.622,1,4,5,2,4,3,3,1,2,2
515,1970-01-01 00:04:27.465,1,4,5,2,4,3,3,1,2,2
516,1970-01-01 00:04:38.728,1,4,5,2,4,3,3,1,2,1
517,1970-01-01 00:09:19.445,2,2,2,1,2,3,3,-1,3,6
